{
    "Model Name": "default_J48",
    "Overall Accuracy": 87.1737509321402,
    "Class Metrics": {
        "Slow": {
            "ROC Area": 0.9478392420976153,
            "Precision": 0.90748031496063,
            "F-Measure": 0.9201596806387226,
            "FP Rate": 0.05548996458087367,
            "Recall": 0.9331983805668016,
            "TP Rate": 0.9331983805668016,
            "MCC": 0.8727725637557403,
            "PRC Area": 0.8724837161171252
        },
        "Stable": {
            "ROC Area": 0.8733239987391446,
            "Precision": 0.8494623655913979,
            "F-Measure": 0.8464285714285714,
            "FP Rate": 0.10783055198973042,
            "Recall": 0.8434163701067615,
            "TP Rate": 0.8434163701067615,
            "MCC": 0.7363295906693714,
            "PRC Area": 0.8007799980420985
        },
        "Hot": {
            "ROC Area": 0.9408011031366295,
            "Precision": 0.850909090909091,
            "F-Measure": 0.8357142857142856,
            "FP Rate": 0.038825757575757576,
            "Recall": 0.8210526315789474,
            "TP Rate": 0.8210526315789474,
            "MCC": 0.7925782901845281,
            "PRC Area": 0.7725421973137185
        }
    },
    "Confusion Matrix": [
        [
            461,
            0,
            33
        ],
        [
            0,
            234,
            51
        ],
        [
            47,
            41,
            474
        ]
    ]
}{
    "Model Name": "default_J48",
    "Overall Accuracy": 85.08575689783744,
    "Class Metrics": {
        "Slow": {
            "ROC Area": 0.9338353034525283,
            "Precision": 0.8888888888888888,
            "F-Measure": 0.8977955911823646,
            "FP Rate": 0.06611570247933884,
            "Recall": 0.9068825910931174,
            "TP Rate": 0.9068825910931174,
            "MCC": 0.8373418203320327,
            "PRC Area": 0.8292122858730072
        },
        "Stable": {
            "ROC Area": 0.8496064394994952,
            "Precision": 0.8197879858657244,
            "F-Measure": 0.822695035460993,
            "FP Rate": 0.13093709884467267,
            "Recall": 0.8256227758007118,
            "TP Rate": 0.8256227758007118,
            "MCC": 0.6940106970427028,
            "PRC Area": 0.7695098354531561
        },
        "Hot": {
            "ROC Area": 0.920388091440723,
            "Precision": 0.8450184501845018,
            "F-Measure": 0.8237410071942446,
            "FP Rate": 0.03977272727272727,
            "Recall": 0.8035087719298246,
            "TP Rate": 0.8035087719298246,
            "MCC": 0.7780744286779034,
            "PRC Area": 0.7646240664358785
        }
    },
    "Confusion Matrix": [
        [
            448,
            0,
            46
        ],
        [
            0,
            229,
            56
        ],
        [
            56,
            42,
            464
        ]
    ]
}{
    "Model Name": "default_J48",
    "Overall Accuracy": 85.23489932885906,
    "Class Metrics": {
        "Slow": {
            "ROC Area": 0.9484498754833683,
            "Precision": 0.9109311740890689,
            "F-Measure": 0.9109311740890689,
            "FP Rate": 0.05194805194805195,
            "Recall": 0.9109311740890689,
            "TP Rate": 0.9109311740890689,
            "MCC": 0.8589831221410169,
            "PRC Area": 0.8637691068644882
        },
        "Stable": {
            "ROC Area": 0.8505201028784964,
            "Precision": 0.8170731707317073,
            "F-Measure": 0.8257042253521127,
            "FP Rate": 0.13478818998716302,
            "Recall": 0.8345195729537367,
            "TP Rate": 0.8345195729537367,
            "MCC": 0.6977737234847066,
            "PRC Area": 0.7688025772202279
        },
        "Hot": {
            "ROC Area": 0.9054658426368952,
            "Precision": 0.8205128205128205,
            "F-Measure": 0.8028673835125447,
            "FP Rate": 0.04640151515151515,
            "Recall": 0.7859649122807018,
            "TP Rate": 0.7859649122807018,
            "MCC": 0.7513855657243299,
            "PRC Area": 0.7168514749336892
        }
    },
    "Confusion Matrix": [
        [
            450,
            0,
            44
        ],
        [
            0,
            224,
            61
        ],
        [
            44,
            49,
            469
        ]
    ]
}{
    "Model Name": "default_J48",
    "Overall Accuracy": 88.43283582089552,
    "Class Metrics": {
        "Slow": {
            "ROC Area": 0.9660876267267445,
            "Precision": 0.8981481481481481,
            "F-Measure": 0.9282296650717703,
            "FP Rate": 0.0658682634730539,
            "Recall": 0.9603960396039604,
            "TP Rate": 0.9603960396039604,
            "MCC": 0.8837733143718373,
            "PRC Area": 0.9076396423424045
        },
        "Stable": {
            "ROC Area": 0.8927526252367016,
            "Precision": 0.9081632653061225,
            "F-Measure": 0.8516746411483254,
            "FP Rate": 0.05732484076433121,
            "Recall": 0.8018018018018018,
            "TP Rate": 0.8018018018018018,
            "MCC": 0.7614214014395949,
            "PRC Area": 0.8657339725139958
        },
        "Hot": {
            "ROC Area": 0.961506064690027,
            "Precision": 0.8225806451612904,
            "F-Measure": 0.864406779661017,
            "FP Rate": 0.05188679245283019,
            "Recall": 0.9107142857142857,
            "TP Rate": 0.9107142857142857,
            "MCC": 0.828015426174486,
            "PRC Area": 0.8723488705979524
        }
    },
    "Confusion Matrix": [
        [
            97,
            0,
            4
        ],
        [
            0,
            51,
            5
        ],
        [
            11,
            11,
            89
        ]
    ]
}